author,publisher,title
Лабковский Михаил,Альпина Паблишер,"Хочу и буду. Принять себя, полюбить жизнь и стать счастливым"
Нет автора,Лабиринт,Банда пушистых модников. Кем быть?
Руни Салли,Синдбад,Нормальные люди
Волкова Лана,Альфа-книга,Невеста Кристального Дракона
Бенедикт Мари,Аркадия,Одна в мужской компании
Коробкова Ольга Анатольевна,Альфа-книга,Вы нам подходите
Пеннак Даниэль,Аркадия,Фея Карабина
Докинз Ричард,Corpus,"Расплетая радугу. Наука, заблуждения и потребность изумляться"
Остер Пол,Эксмо,Бруклинские глупости
Биньями Джованни,Портал,"Революции Вселенной. Мы, люди, среди небесных тел и космических пространств"
Оуэнс Делия,Фантом Пресс,"Там, где раки поют"
Прево Гийом,КомпасГид,Книга времени. Том 3. Гробница первого императора
Дабо Кристель,КомпасГид,Сквозь зеркала. Книга 4. Граница миров
Кодоньо Маурицио,Дискурс,Математика за чашечкой кофе
Портер Элинор,Качели,Поллианна
Си Лиза,Аркадия,Цветочная сеть
Хариди Алекс,Редакция Вилли Винки,Муми-тролли и остров хатифнаттов
Кириллова Анна,ХлебСоль,Консервация - элементарно! Кулинарная книга заготовок
"Хариди Алекс,Хеккиля Сесилия,Дэвидсон Сесилия",Редакция Вилли Винки,Муми-тролли и новые истории Муми-дола
"Хариди Алекс,Хеккиля Сесилия,Дэвидсон Сесилия",Редакция Вилли Винки,"Муми-тролли и ""Морской оркестр"""
Кастен Мона,Like Book,Спаси меня
Купер Нейт,"Манн, Иванов и Фербер","Как создать сайт. Комикс-путеводитель по HTML, CSS и WordPress"
Устинова Татьяна Витальевна,Эксмо-Пресс,Мой генерал
Устинова Татьяна Витальевна,Эксмо-Пресс,Сто лет пути
Кладова Елена Владимировна,ИТРК,Сказки вечного папоротника
Уиттман Селена А.,Бомбора,Селена. Которую мама привела в секту
Пьюзо Марио,Эксмо,Крестный отец
Дезомбре Дарья,Эксмо-Пресс,Сеть птицелова
Горький Максим,Эксмо,Детство
Фаулз Джон,Эксмо,Коллекционер
Хоффман Элис,Эксмо,Помеченная звездами
Грэм Кэролайн,Пушкинский фонд,Убийства в Бэджерс-Дрифте
Форд Форд Мэдокс,Рипол-Классик,Конец парада. Каждому свое
Грэм Кэролайн,Пушкинский фонд,Смерть лицедея
Натт-о-Даг Никлас,Рипол-Классик,1793. История одного убийства
Грин Джон,Рипол-Классик,В поисках Аляски
Вербер Бернар,Рипол-Классик,"Книга, которую читают все"
Грин Роберт,Рипол-Классик,Мастер игры
Вербер Бернар,Рипол-Классик,Шестой сон
Гилберт Элизабет,Рипол-Классик,"Есть, молиться, любить"
Моччиа Федерико,Рипол-Классик,Три метра над небом: Я тебя хочу
Позднева Татьяна Сергеевна,АСТ,Математика. 1 класс. Все приёмы устного счёта. ФГОС
Кинг Стивен,АСТ,Институт
Серов Алексей,Эксмо,Жизнь не так коротка
Воронова Мария Владимировна,Эксмо,Женский приговор
"Гоголь Николай Васильевич,Толстой Лев Николаевич,Пушкин Александр Сергеевич",Никея,Зимние повести и рассказы русских писателей
Донцова Дарья Аркадьевна,Эксмо,Дневник пакостей Снежинки
Липскеров Дмитрий Михайлович,Эксмо,Туристический сбор в рай
Теорин Юхан,Рипол-Классик,Мертвая зыбь
Канальс Кука,Эксмо,Двойное исчезновение Мэри Роже
Шторм Михаил,Клуб семейного досуга,Сердце Арктики
Метлицкая Мария,Эксмо,"Осторожно, двери закрываются"
Мулин Глен,АСТ,Тибетская Книга мертвых (Бардо Тъедол). Смерть и умирание в тибетской традиции
"Орлов Александр Сергеевич,Полунов Александр Юрьевич,Терещенко Юрий Яковлевич",Проспект,Основы курса истории России. Учебник
Пелевин Виктор Олегович,Эксмо,Сумасшедший по фамилии Пустота
Трауб Маша,Эксмо,Или я сейчас умру от счастья
Донцова Дарья Аркадьевна,Эксмо,Лекарство от доброзлобия
"Канакина Валентина Павловна,Горецкий Всеслав Гаврилович",Просвещение,Русский язык. 1 класс. Учебник. ФГОС
"Канакина Валентина Павловна,Горецкий Всеслав Гаврилович",Просвещение,Русский язык. 2 класс. Учебник. В 2-х частях. ФГОС
"Климанова Людмила Федоровна,Бойкина Марина Викторовна,Голованова Мария Владимировна,Виноградская Людмила Андреевна,Горецкий Всеслав Гаврилович",Просвещение,Литературное чтение. 2 класс. Учебник. В 2-х частях. ФП. ФГОС
Носатов Виктор Иванович,Центрполиграф,Фарьябский дневник. Документальная проза
Носатов Виктор Иванович,Вече,Саригора - ущелье духов
Носатов Виктор Иванович,Вече,"Охота на ""Троянского коня"""
Прокудин Николай Николаевич,Центрполиграф,За речкой шла война...
Бикбаев Равиль Нагимович,Эксмо,Боец десантной бригады
Гороховская Людмила Николаевна,АСТ,ОГЭ. Литература. Новый полный справочник
Бикбаев Равиль Нагимович,Эксмо-Пресс,Бригада уходит в горы
Нет автора,Эксмодетство,Кролик Питер 2
Хаан Мэри Даунинг,Эксмодетство,Гость
Жукова Надежда Сергеевна,Эксмодетство,Букварь. Учебное пособие
Нет автора,Эксмодетство,Операция «Спасти осьминога!»
Нет автора,Каро-открытки,Открытка+конверт.А-5/11-1217/Бракосочета
Нет автора,Эксмодетство,Гравити Фолз. Большая книга творчества и тайн
Нет автора,Эксмодетство,Дело о хитром монстре (выпуск 1)
Нет автора,Арт-Волхонка,Великие живописцы Ренессанса из Академии Каррара в Бергамо
Одленд Николас,Самокат,"Медведь, который  любил обнимать деревья"
Нурдквист Свен,Белая ворона / Альбус корвус,Петсон идёт в поход
Лунина Алиса,Эксмо-Пресс,"Осторожно, меняем судьбы!"
Лунина Алиса,Эксмо-Пресс,За пять минут до января
Лунина Алиса,Т8,Свадьба на Рождество
Лунина Алиса,Т8,"Новогодний рейс ""Москва-Петербург"""
Лунина Алиса,Эксмо-Пресс,Когда часы двенадцать бьют
Лунина Алиса,Эксмо-Пресс,Под крылом Ангела
Лунина Алиса,Эксмо-Пресс,Новое счастье для барышень
Введенский Александр Иванович,Мелик-Пашаев,Мяу
Нет автора,Эксмо,Будьте как кошки!
Седов Сергей Анатольевич,Издательство Эгмонт,Сказки про мальчика Лешу
Наумова Эллина Римовна,Центрполиграф,Постель и все остальное
Фарндон Джон,Лабиринт,Большое путешествие по телу человека
Даль Роальд,Самокат,Большой и Добрый Великан
Колмановский Илья,Розовый жираф,Почему птицы не падают?
Симони Марчелло,Центрполиграф,Продавец проклятых книг
Гишар Жак,Пешком в историю,Анатомия. Картография человеческого тела
Гюнтер Евгения Евгеньевна,Пешком в историю,На дачу! История загородной жизни
Файви Эрика,Пешком в историю,Мусорная революция. Свалка о двух концах
Наталини Сандро,Пешком в историю,История жизни. От первичного бульона до наших дней
"Торопцев Александр Петрович,Яшина Галина Анатольевна",Лабиринт,Войны и воины
Нет автора,Лабиринт,Калейдоскоп знаний. Наука
Нет автора,Нескучные игры,Мемо. Достопримечательности России (7202)
Нет автора,Нескучные игры,"Мемо ""Москва"" (7205)"
Хьюот Кэти,Лабиринт,Наша планета. Животные
Абрикосова Инна Вадимовна,Эксмодетство,IQ-тренажёр
Родригес-Вида Алехо,Лабиринт,Тело человека. Нескучная анатомия
Нет автора,Студия Pagedown,Не тот Федот. Игры в пословицы и поговорки. Набор карточек
Самордак Ольга Францевна,Эксмодетство,Готовим руку к письму. ФГОС
Мейсон Энтони,Лабиринт,История западного искусства. От наскальных рисунков до поп-арта
Форест Элизабет,Эксмо,Третий вид магии. Ученица ворона (#1)
Гримм Якоб и Вильгельм,Эксмодетство,Волшебные сказки
Коллоди Карло,Эксмодетство,Приключения Пиноккио
Коллоди Карло,Махаон,Пиноккио
Корсакова Юлия Владимировна,Феникс,Руководство по запуску речи ребенка
Коллоди Карло,Эксмо,Приключения Пиноккио
Понорницкая Илга,Самокат,"Эй, Рыбка!"
Родари Джанни,Эксмодетство,Сказки по телефону
Рэде Патриция,Акварель,Ловушка для дракона
Яхнин Леонид Львович,Эксмо,Площадь картонных часов
Яхнин Леонид Львович,Оникс,Азбука вежливых слов
Кэрролл Льюис,Рипол-Классик,Алиса в Стране чудес
Ушинский Константин Дмитриевич,Эксмодетство,Четыре желания. Рассказы
Нет автора,Стрекоза,Сказка за сказкой
Пьюмини Роберто,Эксмо,Удивительные открытия
Пьюмини Роберто,Эксмо,Ягодное лето
Дефо Даниель,АСТ,Робинзон Крузо
Рэде Патриция,Акварель,Прогулка с драконом
Чуковский Корней Иванович,Малыш,Сказки дедушки Корнея
Маршак Самуил Яковлевич,Малыш,Большой новогодний подарок для детей
Нет автора,Школьная пресса,Репка. Колобок. Играем в сказку. ФГОС ДО
Нет автора,Школьная пресса,"Величина (высота, длина, объём, масса). Математический тренажёр. Система упражнений для детей 4-6 л."
Железников Владимир Карпович,Детская литература,Рыцарь
Нет автора,Диамант,Приусадебное хозяйство. Энциклоп.справоч
Остер Григорий Бенционович,Малыш,Вредные советы
"Пушкин Александр Сергеевич,Фет Афанасий Афанасьевич,Есенин Сергей Александрович",Эксмодетство,Облака. Стихи русских поэтов о лете
Есенин Сергей Александрович,Время,Отговорила роща золотая...
Есенин Сергей Александрович,Каро,Колдунья. Стихотворения. Билингва (на английском и русском языке)
Есенин Сергей Александрович,Эксмо,Анна Снегина
Есенин Сергей Александрович,Харвест,Лирика
Есенин Сергей Александрович,Эксмодетство,Бабушкины сказки
Громыко Ольга Николаевна,Альфа-книга,Встретимся на Кассандре!
Остен Эмилия,Эксмо-Пресс,Грешная любовь
Нет автора,Stabilo,"Ручка шариковая для правшей ""Left Right"" (синяя) (6328/1-10-41), цвет в ассортименте"
Михалков Сергей Владимирович,Мелик-Пашаев,Как птицы Козлёнка спасли
Нет автора,Нигма,Джек и золотая табакерка
Нет автора,Stabilo,"Ручка шариковая ""Liner Pastel"" ""808 F"" лавандовый корпус (808FP/41-6)"
Грэм Кеннет,Речь,Дракон-лежебока
Нет автора,Stabilo,"Ручка шар STABILO ""Liner"" 808/41 синяя (141567)"
Ахерн Сесилия,Астрель,Не верю. Не надеюсь. Люблю
Дойл Артур Конан,Оникс,Записки о Шерлоке Холмсе
Кэрролл Льюис,Эксмодетство,Алиса в Стране чудес
Маккалоу Колин,АСТ,Поющие в терновнике
Барри Джеймс Л.,Эксмодетство,Питер Пэн
Соловьев Леонид Васильевич,Феникс,Севастопольский камень
Веденская Татьяна Евгеньевна,Эксмо-Пресс,"Квартирный вопрос, или Байки черного маклера"
"Платонов Андрей Платонович,Раскин Александр Борисович,Сергеев Леонид Анатольевич,Каминский Леонид Давидович,Коваль Юрий Иосифович",ЭНАС-КНИГА,Первый раз - в первый класс
Заходер Борис Владимирович,Малыш,Стихи. На горизонтских островах
Хантер Эрин,Абрис/ОЛМА,Звездная тропа
Михеева Тамара Витальевна,КомпасГид,Асино лето
Светлова Инна Евгеньевна,Эксмодетство,Большая книга заданий и упражнений по развитию памяти
Лупи Кристоф,Редакция Вилли Винки,Большая книга щенячьих историй
Журавлева Зоя Евгеньевна,ЭНАС-КНИГА,Путька
Царенко Наталья Владимировна,Феникс,Папа или дядя? Настольная книга отчима
"Толедано Эрик,Накаш Оливье",Новый диск,1+1 (DVD)
Нет автора,Новый диск,DVD Новые амазонки или сексмиссия/Кингсайз
Хантер Эрин,Абрис/ОЛМА,Нерассказанные истории. История Остролистой
Сопшин Владимир,Питер,Сад и огород в мешках. Мобильные грядки без особых усилий
"Шеффер Мэри Энн,Бэрроуз Энни",Фантом Пресс,Клуб любителей книг и пирогов из картофельных очистков
Паустовский Константин Георгиевич,ЭНАС-КНИГА,Растрёпанный воробей
Гаазе Елена,Саратовская епархия,Самая яркая звезда. Повесть о докторе Гаазе
Ибрагим Лайла,Аркадия,Желтый крокус
Асанов Леонид Николаевич,Лабиринт,Страницы истории. Чесма
Иванов Юрий Николаевич,Речь,Мы шли под грохот канонады
Рябцев Юрий Сергеевич,Владос,Хрестоматия  по истории русской культуры: Первая половина XX века
Тэффи Надежда Александровна,ЭНАС-КНИГА,Увлекательное словотворчество
Ширнек Хуберт,ЭНАС-КНИГА,Бутылочная почта для папы
Машков Владимир Георгиевич,ЭНАС-КНИГА,Как я был вундеркиндом
Медведев Валерий Владимирович,Речь,Вовка Веснушкин в Стране Заводных Человечков
Нет автора,ИДДК,Времена года. Учебно-развивающая программа для детей (DVD)
Киплинг Редьярд Джозеф,ЭНАС-КНИГА,Ваш покорный слуга пёс Бутс
Лихэйн Деннис,Иностранка,Остров проклятых
Герасимова Дарья Сергеевна,Лабиринт,"1, 2, 3, 4, 5 - я иду зверей считать!"
Ходза Нисон Александрович,Нигма,Свадьба дракона: китайские сказки
"Ходза Нисон Александрович,Жукровский Войцех",Нигма,"Доверчивый тигр. Бирманские, индонезийские, вьетнамские сказки"
Ходза Нисон Александрович,Нигма,Белая Юрта
"Ходза Нисон Александрович,Мори Елена",Нигма,Догадливая невеста. Японские сказки
Нет автора,Нигма,Русь сказочная. Русские волшебные сказки
Нет автора,Нигма,Сказки народов Азии. В 3-х книгах. Книга 1. Сказки Индии
Карнаухова Ирина Валериановна,Нигма,Русь богатырская. Былины в пересказе Ирины Карнауховой
Петрова Наталья Николаевна,Эксмо,География. По материкам и океанам
Ольшевская Светлана Анатольевна,Эксмо,Ведьмин бал. Большая книга ужасов
"Булатов М.,Карнаухова Ирина Валериановна,Колпакова Н.",Октопус,"Радуга-дуга. Песенки, потешки, прибаутки"
Корфиати Анастасия,АСТ,Самая большая книга кройки и шитья от А.Корфиати
Кристи Агата,Эксмо-Пресс,"Вилла ""Белый конь"""
"Булатов М.,Карнаухова Ирина Валериановна,Колпакова Н.",Октопус,"Ладушки. Сказки, песенки, потешки"
"Боровков Николай Юрьевич,Собакин Тим,Сеф Роман,Гиваргизов Артур Александрович,Яснов Михаил Давидович,Усачев Андрей Алексеевич,Кружков Григорий Михайлович",Лабиринт,"Стихи, которые..."
Харт Кристофер,Попурри,Рисуем квадрат - рисуем все!
Нет автора,Алтей,Алые паруса
Нет автора,Атберг 98,Лесные зверюшки. Развивающая раскраска с наклейками
Нет автора,Махаон,Золушка. Волшебная сказка оживает!
Хайасен Карл,Розовый жираф,У-гу!
Маврина Л.,Стрекоза,"Овощи, фрукты и ягоды"
Бесчастнов Николай Петрович,Владос,Портретная графика: Учебное пособие для вузов
Махов Александр Борисович,Молодая гвардия,Микеланджело
Нет автора,Русский издательский центр,Православный молитвослов. Псалтирь
"Артамонова Елена,Воронова Анна,Усачева Елена Александровна",Эксмо,Большая книга ужасов. 49
Пушкин Александр Сергеевич,Эксмо,Только для взрослых
Каларатри,Велигор,"Развитие экстрасенсорных способностей, основы медиумизма и спиритуализма"
Степанова Наталья Ивановна,Рипол-Классик,Заговоры сибирской целительницы. Выпуск 33
Константинов Алексей Владимирович,Владос,Технический рисунок. Курс лекций. Учебное пособие для вузов
Барановская Зоя Ивановна,Владос,Работа с картинами русских художников на уроках в школе. Книга для учителя
Бадаев Вячеслав Семенович,Владос,Искусство русской кистевой росписи. Учебное пособие для ВУЗов
"Бесчастнов Николай Петрович,Лаврентьев Александр Николаевич",РИП-Холдинг.,Ткань авангарда
Ермаков Михаил Прокопьевич,Владос,Основы дизайна. Художественная обработка металла ковкой и литьем. Учебное пособие (+CD)
"Гейман Нил,Несбит Эдит,Бигл Питер,Джонс Диана Уинн",АСТ,Фантастические создания
Тюхменева Анна,Питер,Как из хобби сделать бизнес. Монетизация творчества
Уманская Татьяна Моллаевна,Владос,Невропатология. Естественнонаучные основы специальной педагогики
Протоиерей Димитрий Смирнов,Сестричество во имя преподобномученицы великой княгини Елизаветы,Прямой эфир. Вопросы и ответы. Выпуск 2
Грабовский Ян,Мелик-Пашаев,"Тузик, Рыжий и гости"
Харрис Джоэль Чандлер,Стрекоза,Сказки дядюшки Римуса
"Акулова Арина,Бунтман Екатерина",Лабиринт,Школа помощников Деда Мороза
Нортон Мэри,Эксмодетство,Добывайки на реке
"Жвалевский Андрей Валентинович,Пастернак Евгения Борисовна",Лабиринт,Правдивая история Деда Мороза
Нет автора,Brauberg,"Доска-планшет ""Comfort"" с верхним прижимом, красная (222658)"
Нет автора,Учитель,Дневник первоклассника. Ступеньки роста. ФГОС
Васильева-Гангнус Людмила,Нигма,Уроки занимательного труда
Цыферов Геннадий Михайлович,Нигма,Старинные профессии
Васильева-Гангнус Людмила,Нигма,Азбука вежливости
Заходер Борис Владимирович,Русич,Мохнатая азбука
Нет автора,Brauberg,"Пенал-косметичка ""Сафари"" белый (226732)"
Нет автора,Хатбер,"Папка-скоросшиватель, пластиковая, прозрачная, А4, оранжевая (ASp_04316)"
Нет автора,Эксмо-Канц,"Тетрадь для конспектов ""Стильный офис"" (96 листов, А4, клетка, гребень) (ТС4964547)"
Нет автора,Феникс+,"Тетрадь предметная ""Для сочинений"" (48 листов, А5, линия) (52182)"
Нет автора,Prof-press,"Тетрадь общая ""Классика (голубая)-2"" (18 листов, А5, клетка) (18-3539)"
Нет автора,Хатбер,"Тетрадь предметная ""Золото знаний. БИОЛОГИЯ"" (46Т5лофВd1_22616)"
Лимонов Эдуард Вениаминович,Питер,Мои живописцы
Зубкова Л.,Яблоко,Сказка про лень
Вербер Бернар,Рипол-Классик,Третье человечество. Микролюди
Грибачев Николай Матвеевич,Алтей,Как ежа Кирюху лечили
Нет автора,Алтей,Сказки Кумушки-лисы
Добролюбова Анастасия Сергеевна,БИНОМ ДЕТСТВА,Куда пойдем? В музей транспорта!
Нет автора,БЮРОКРАТ,"Папка-скоросшиватель (A4, красная) (PS-K20RED)"
Нет автора,Brauberg,"Папка с металлическим скоросшивателем и внутренним карманом, зеленая (221784)"
Миксон Илья Львович,Детское время,"Жила, была. Историческое повествование о Тане Савичевой"
Нет автора,БЮРОКРАТ,"Папка с пружинным скоросшивателем А4 ""Neon"" салатовая (DNE07PLETT)"
Нет автора,TUKZAR,Набор штампиков для рисования (TZ 13033)
Нет автора,BONDIBON,"Набор для творчества со штампами ""Монстромир"" (1330ВВ/0001)"
Нет автора,Jovi,Валик для рисования (810)
Нет автора,АппликА,"Альбом для рисования ""Морская тематика"" (40 листов, А4) (С1184-34)"
Нет автора,АппликА,"Альбом для рисования ""Красный автомобиль"" (40 листов, А4) (С1184-36)"
Карташов Николай Александрович,Молодая гвардия,Ватутин
Михеенков Сергей Егорович,Молодая гвардия,Москва-41
Кравченко Ирина Анатольевна,Молодая гвардия,Актеры советского кино
"Романова Владислава Юрьевна,Петленко Лидия Владимировна",Вентана-Граф,Русский язык. 4 класс. Тетрадь для контрольных работ
"Рудницкая Виктория Наумовна,Юдачева Татьяна Владимировна",Вентана-Граф,Математика. 4 класс. Тетрадь для контрольных работ. ФГОС
Нет автора,BONDIBON,"Набор для творчества со штампами ""Создай свой штамп, Луки"" (1333ВВ/0004)"
"Узорова Ольга Васильевна,Нефедова Елена Алексеевна",АСТ,Итоговые комплексные работы. 4 класс. ФГОС
Нет автора,Полотняно-заводская бумажная фабрика,"Тетрадь предметная ""Вот это ВЕЩЬ! Алгебра"" (48 листов, А5, клетка) (28096)"
Гулыга Арсений Владимирович,Молодая гвардия,Творцы русской идеи
Танасейчук Андрей Борисович,Молодая гвардия,Джек Лондон: Одиночное плавание
Митрополит Иларион (Алфеев),Молодая гвардия,Иисус Христос
Крупин Михаил Владимирович,Молодая гвардия,"Никита Михалков. ""Он русский, это многое объясняет…"""
"Иванов Станислав Викторович,Кузнецова Марина Ивановна",Вентана-Граф,Русский язык. 4 класс. Комментарии к урокам. ФГОС
"Иванов Станислав Викторович,Романова Владислава Юрьевна,Кузнецова Марина Ивановна,Петленко Лидия Владимировна,Евдокимова Антонина Олеговна",Вентана-Граф,Русский язык. 3 класс. Учебник. В 2-х частях. Часть 2. ФГОС
"Виноградова Наталья Федоровна,Сафонова Ирина Владимировна,Хомякова Ирина Семеновна",Вентана-Граф,Смысловое чтение. 4 класс. Тетрадь для проверки читательских умений
"Иванов Станислав Викторович,Романова Владислава Юрьевна,Петленко Лидия Владимировна,Евдокимова Антонина Олеговна,Кузнецова Марина Ивановна",Вентана-Граф,Русский язык. 2 класс. Учебник. В 2-х частях. Часть 2. ФГОС
"Иванов Станислав Викторович,Романова Владислава Юрьевна,Петленко Лидия Владимировна,Евдокимова Антонина Олеговна,Кузнецова Марина Ивановна",Вентана-Граф,Русский язык. 2 класс. Учебник. В 2-х частях. Часть 1. ФГОС
Кузнецова Марина Ивановна,Вентана-Граф,Подготовка к ВПР. Русский язык. 3 класс. Разноуровневые проверочные работы
"Журова Лидия Ефремовна,Кузнецова Марина Ивановна",Вентана-Граф,Азбука для дошкольников. Играем и читаем вместе.  Рабочая тетрадь № 3. ФГОС
Нет автора,АСТ,"Счёт, цвет, форма"
Савушкин С. Н.,Карапуз,"Зайка, слезай-ка! (Книжка с наклейками)"
Нет автора,Малыш,Транспорт
Нет автора,Эксмо,Энциклопедия техники
Нет автора,Эксмодетство,Годовой курс: для детей 6-7 лет (с наклейками)
Кенжегалиева Анна,Де'Либри,Степка и друзья
Дубровская Елена Александровна,Просвещение,Ступеньки музыкального развития: Пособие для музыкальных работников
Нет автора,Комикс,Книга комиксов. Железный Человек. Охота на Тони Старка!
"Эптинг Стив,Брубейкер Эд",Комикс,"""Великие супергерои. Капитан Америка"". Том 2. Зимний Солдат"
Остер Григорий Бенционович,АСТ,Задачник
Киз Дэниел,Эксмо,Таинственная история Билли Миллигана
Нет автора,Российское Библейское Общество,Святая Пасха. Четыре библейские истории. Книжка-панорамка
"Ян Сидуэй,Ходжет Сара",Эксмо,"Карандаши, ручки, пастель. От эскиза до картины"
"Бэкхаус Фид,Оливер Сэл,Фогерти Кирен",Арт-родник,"501 Автомобиль, который надо испытать"
Конкевич Светлана Васильевна,Детство-Пресс,Картотека портретов композиторов. Тексты бесед с дошкольниками. Выпуск 2. ФГОС
Богомолов Владимир,Бослен,Буравчик строит дом
Шмелев Иван Сергеевич,Даръ,Пути небесные
Остер Григорий Бенционович,Азбука,Робинзон и тринадцать жадностей
Синявский Петр Алексеевич,Астрель,Стишата - коротышата
Протоиерей Димитрий Предеин,Сибирская  Благозвонница,Введение в философию: учебник для православных духовных школ
Биссет Дональд,АСТ,Прелестные сказки для малышей
Пелинский Игорь,Сова-Фильм,Как разговорить молчуна. Советы опытного логопеда любящим родителям (DVD)
Нет автора,ЦОТР ,"Лото. Слоги, ребусы, загадки (4011044)"
Нет автора,Николин день,Православный молитвослов для новоначальных. С переводом на современный русский язык
Барчан Татьяна Александровна,ЦОТР ,"Лото. ""О чем речь?"" Культпоход (68031014)"
"Бунеев Рустэм Николаевич,Бунеева Екатерина Валерьевна",Баласс,Литературное чтение. 4 класс. Учебник для общеобразоват. учреждений. В 2-х частях. Часть 2. ФГОС
Богомолов Владимир,Клуб семейного досуга,Момент истины
Карамзин Николай Михайлович,Русский мир,О древней и новой России
Нет автора,Brauberg,"Набор кистей из 5 штук ""Пони"" (200222)"
Филимонов Михаил,Вектор,"Безопасность вашего ребенка. Уверенность, осторожность, самооборона (+ CD)"
Нет автора,Эксмо-Канц,"Тетрадь предметная ""Коллекция знаний. Обществознание"" (48 листов, клетка) (ТТЛ485479)"
Гумилев Лев Николаевич,Ардис,От Руси до России (CDmp3)
"Погорельский Антоний,Салтыков-Щедрин Михаил Евграфович,Одоевский Владимир Федорович",Стрекоза,"Черная курица, или Подземные жители"
Сараскина Людмила Ивановна,Молодая гвардия,Достоевский
Трубецкой Николай Сергеевич,Эксмо,Наследие Чингисхана
"Гнедич Петр Петрович,Никольский Виктор Александрович,Муратов Павел Павлович",Эксмо,История русской живописи
Даль Владимир Иванович,Альфа-книга,Пословицы русского народа. Полное издание в одном томе
Алданов Марк Александрович,Альфа-книга,"Тетралогия ""Мыслитель"". Полное издание в одном томе"
Врангель Петр Николаевич,Альфа-книга,Очерки русско-японской войны (1904 г.) Записки (Ноябрь 1916 г.-ноябрь 1920 г)Полное издание в 1 томе
"Новицкий А. П.,Никольский Виктор Александрович",Эксмо,История русского искусства
Гомер,Альфа-книга,Илиада. Одиссея. Полное издание в одном томе
Никольский Виктор Александрович,Изд. В. Секачев,Старая Москва. Историко-культурный путеводитель
Амфитеатров Александр Валентинович,Альфа-книга,Зверь из бездны. Полное издание в одном томе
Беккер Карл Фридрих,Альфа-книга,Древняя история. Полное издание в одном томе
Солженицын Александр Исаевич,АСТ,Раковый корпус
Солженицын Александр Исаевич,Время,Собрание сочинений. Том 28. Бодался теленок с дубом
Солженицын Александр Исаевич,Эксмо,Один день Ивана Денисовича
Солженицын Александр Исаевич,ПРОЗАиК,Двести лет вместе. В 2-х частях. Часть 2
Солженицын Александр Исаевич,ПРОЗАиК,Двести лет вместе. В 2-х частях. Часть 1
Бронте Энн,Macmillan,Agnes Grey
Брикнер Александр Густавович,Эксмо,Император Петр I: Его жизнь и царствование
Брикнер Александр Густавович,Престиж БУК,Екатерина II Великая. 1762-1796
Брикнер Александр Густавович,Эксмо,Иллюстрированная история Петра I и Екатерины II
Брикнер Александр Густавович,Эксмо,Императрица Екатерина II. Ее жизнь и царствование
Масарик Томаш Гарриг,Вече,Мировая революция. Воспоминания
Хайям Омар,Вече,Рубаи
Суворин Борис Алексеевич,Вече,Героическая эпоха Добровольческой армии 1917-18 гг.
D`Avenia Alessandro,Mondadori,Cose che nessuno sa
Поволяев Валерий Дмитриевич,Вече,Три дочери
"Ежов Валентин Иванович,Чухрай Григорий Наумович",Вече,Баллада о солдате
Санин Владимир Маркович,Вече,"Семьдесят два градуса ниже нуля. За тех, кто в дрейфе"
Конецкий Виктор Викторович,Вече,Путь к причалу
"Ибрагимбеков Рустам Ибрагимович,Михалков Никита Сергеевич",Эксмо,Сибирский цирюльник
Ибрагимбеков Рустам Ибрагимович,Амфора,Кочевник
Ибрагимбеков Рустам Ибрагимович,Амфора,Утомленные солнцем
Лапин Александр Алексеевич,Вече,Русский крест. В 2-х томах. Том 1
Сегень Александр Юрьевич,Молодая гвардия,Алексий II
Велембовская Ирина Александровна,АСТ,Немцы
Велембовская Ирина Александровна,АСТ,Дела семейные
"Соколов Олег Валерьевич,Пучков Дмитрий Goblin",Питер,"Битва трех императоров. Наполеон, Россия и Европа. 1799-1805 гг."
Крупин Владимир Николаевич,Сретенский ставропигиальный мужской монастырь,Большая жизнь маленького Ванечки
Соколов Олег Валерьевич,Яуза,Армия Наполеона
Карвер Майкл,Центрполиграф,Битва под Эль Аламейном. Поражение танковой армии Роммеля в Северной Африке
Маяковский Владимир Владимирович,Лимбус-Пресс,Война и язык
Калинкина Анна Владимировна,Астрель,Царство крыс
Акунин Борис,Захаров,"Коронация, или Последний из романов"
"Истмен Кевин,Валтс Том",Комильфо,Подростки Мутанты Ниндзя Черепашки. Выпуск 17-18
Ая Эн,Время,Библия в SMSках
Финн,Рипол-Классик,"Здравствуйте, мистер Бог, это Анна"
Нет автора,Сретенский ставропигиальный мужской монастырь,"Алфавитный патерик, или Достопамятные сказания о подвижничестве святых и блаженных отцов"
Нет автора,Белорусский Экзархат,Древний патерик
Преподобный Паисий Святогорец,Никея,Слова. Том 5. Страсти и добродетели
Святитель Игнатий (Брянчанинов),Лучи Софии,Отечник
Маврина Л.,Стрекоза,Рабочая тетрадь 6+. Прописи. Буквы и цифры
"Пронина К. Б.,Самойлов Евгений Алексеевич,Данилов Дмитрий Даимович",1С,Игры и задачи. 1-4 классы. ФГОС (CD)
Бергман Ингмар,АСТ,Моя жизнь
Нет автора,1С,Музыка для начальной школы. Теория. Задания. Игры (CDpc)
"Каленчук Мария Леонидовна,Байкова Татьяна Андреевна,Чуракова Наталия Александровна",Академкнига/Учебник,Русский язык. 4 класс. Учебник. В 3-х частях. Часть 3. ФГОС
Карантиров С.,Славянский Дом Книги,Этимологический словарь русского языка для школьников
"Байкова Татьяна Андреевна,Малаховская Ольга Валериевна,Чуракова Наталия Александровна",Академкнига/Учебник,Русский язык. 4 класс. Методическое пособие. ФГОС
Архиепископ Филарет (Гумилевский),Общество любителей православной литературы,Историческое учение об отцах церкви
Шишов Алексей Васильевич,АСТ,"Исторические портреты: Петр Багратион, Михаил Барклай де Толли, Николай Раевский..."
Золототрубов Александр Михайлович,АСТ,Черняховский. Рубеж бессмертия
"Соболева Ольга Леонидовна,Агафонова Ольга Васильевна",Дрофа Плюс,"БУКВАльные ЗАДАЧКИ, или СЧЕТ идет на СКАЗКИ! Нескучные задания для дошкольников и мл. школьников"
Нет автора,Эксмо,Раскрашиваем вместе
Нет автора,Феникс+,"Закладка для книг с вырубкой ""Ёжик и мышка"" (2 штуки, 98х150 мм, картон) (50752)"
Фиппс Селвин Э.,Эксмодетство,Общество Исследователей Единорогов. Раскраска
Нет автора,Феникс+,"Закладка для книг с вырубкой ""Бабочки на цветах"" (2 штуки, 98х150 мм, картон) (50750)"
Нет автора,Феникс+,"Закладка для книг с вырубкой ""Цветы"" (2 штуки, 98х150 мм, картон) (50753)"
Курукин Игорь Владимирович,Просвещение,История России. 8 класс. Атлас
Артасов Игорь Анатольевич,Просвещение,История России. 7 класс. Контрольные работы. ФГОС
Нет автора,Феникс+,"Закладка для книг с вырубкой ""Веселые друзья"" (2 штуки, 98х150 мм, картон) (50751)"
Артасов Игорь Анатольевич,Просвещение,История России. 9 класс. Контрольные работы. ФГОС
Олеша Юрий Карлович,Проф-Пресс,Три толстяка
Нет автора,Comix,"Папка-конверт на кнопке ""Москва"" (A7580MC)"
Монтефиоре Саймон Себаг,Олма-Пресс,Сталин. Двор Красного монарха
Нет автора,Православный Свято-Тихоновский гуманитарный университет,"Летопись жизни и служения святителя Филарета (Дроздова), митрополита Московского. Том 6. 1851-58 гг."
"Протоиерей Валентин Васечко,Диакон Николай Серебряков",Православный Свято-Тихоновский гуманитарный университет,Теология. Выпуск 6. Сравнительное богословие. История западных исповеданий. Христианство и наука
Воат Алексей Александрович,Православный Свято-Тихоновский гуманитарный университет,Теология. Выпуск 7. Нехристианские религии и новые религиозные движения
Мамин-Сибиряк Дмитрий Наркисович,Алтей,"Сказка про Воробья Воробеича, про Ерша Ершовича и веселого трубочиста Яшу"
Городова Маргарита Николаевна,Вече,Наука Китовраса. Парадигмы древнерусского храма
Кузнецов А.,Алтей,Знакомимся с азбукой
Нет автора,Ранок,Гуси-лебеди
Нет автора,Проф-Пресс,Курочка Ряба
Прозоров Тимур,Азбука,Откровения славянских богов
Поддер Танушри,Попурри,"Полное очищение организма от шлаков, токсинов и канцерогенов"
Синявский Петр Алексеевич,АСТ,Стишата-коротышата
Нет автора,ОлмаМедиаГрупп/Просвещение,Русские богатыри
Нет автора,Проф-Пресс,400 наклеек. Транспорт
Сент-Экзюпери Антуан де,Эксмо,Маленький принц
Михайленко Елена Петровна,Алтей,Дед Мороз
Нет автора,Алтей,Птичий язык
Нет автора,Алтей,Коза-дереза
Борисов Владимир,Алтей,Помощница
Нет автора,Алтей,Хаврошечка
Ходаков Максим Анатольевич,Православный Свято-Тихоновский гуманитарный университет,Хрестоматия по иконоведению
Притулина Надежда Петровна,Махаон,Где спят снеговики?
Притулина Надежда Петровна,Махаон,Как сорока-белобока кашу варила
Притулина Надежда Петровна,Алтей,Сказки Лесовичка
Притулина Надежда Петровна,Алтей,Ёжик и его друзья
Притулина Надежда Петровна,Алтей,Зимние сказки
Разин С.,Школа малышей,Развитие речи для 4-х лет. Развивающая книга с наклейками для детей с 4-х лет
Разин С.,Школа малышей,Чтение. Развивающая книга с наклейками для детей с 5-ти лет
"Грашина Марина Николаевна,Васильев Максим Сергеевич",Вече,"Языческий календарь. Миф, обряд, образ"
Нет автора,"Манн, Иванов и Фербер",KUMON. Учимся считать от 1 до 30
Нет автора,BONDIBON,"Набор животных ""Динозавры"" 12 штук (ВВ1618)"
Грибачев Николай Матвеевич,Алтей,Сказки нашего леса
Нет автора,BONDIBON,"Набор животных ""Домашние животные и птицы"", 20 шт. (ВВ1636)"
Нет автора,Оникс,"Запел петушок: стихи, сказки, песенки, потешки для самых маленьких"
Нет автора,Royal Talens,"Блокнот для зарисовок ""Art Creation"" (12х12 см, 80 листов, черный) (9314004M)"
Нет автора,MAZARI,"Пенал ""Cosmo"" (1 отделение, без наполнения) (M-1807)"
Нет автора,Silwerhof,"Пенал односекционный ""Вездеход"" (850904)"
Поттер Беатрис,Качели,История о бельчонке Орешкинсе
Манч Роберт,Мелик-Пашаев,Вот такие пироги!
Васильева Анна,"Манн, Иванов и Фербер",Птицы в городе. Где найти и как узнать
Пит Билл,Мелик-Пашаев,Трусливый Клайд
Пит Билл,Мелик-Пашаев,Скрябка-отшельник
Забирова Анна Викторовна,Владис,Профессии. 130 правильных ответов на 130 детских вопросов
Рупасова Маша,АСТ,Наоборотная мама
Михалков Сергей Владимирович,АСТ,Три поросёнка. Сказка с продолжением
Пит Билл,Мелик-Пашаев,Дин-дили-дондурей
Нет автора,Лабиринт,Неваляшки-погремушки. Мои первые слова. Цвета
Нет автора,Лабиринт,Чудо-книга для малышей. 2-3 года
Комаровский Евгений Олегович,Эксмо,ОРЗ: руководство для здравомыслящих родителей
Комаровский Евгений Олегович,Эксмо,Здоровье ребенка и здравый смысл его родственников
"Гладков Геннадий,Шаинский Владимир",Лабиринт,Пианино. От улыбки станет всем светлей...
Нет автора,Лабиринт,Мой любимый детский сад. Альбом для записей и фото
Вудхаус Пелам Гренвилл,Random House,Aunts Aren't Gentlemen: Jeeves & Wooster Novel
Хокинс Пола,Random House,The Girl on the Train
Фрай Стивен,Random House,The Liar
Стокер Брэм,Random House,Dracula
Этвуд Маргарет,Random House,The Handmaid's Tale
Гесдёрфер Макс,Красивые дома пресс,Комнатное садоводство
Рюбель Дорис,АСТ,Что я ем?
Хартинк А. Е.,Лабиринт,Пистолеты и револьверы. Большая энциклопедия
Комаровский Евгений Олегович,Эксмо-Пресс,36 и 6 вопросов о температуре. Как помочь ребенку при повышении температуры тела
МакКэрон Грейс,"Манн, Иванов и Фербер",Маленькие балерины
Домон Джон Бастарди,Эксмо,Секреты менталиста: Как понять и противостоять техникам обмана и манипуляций
"Грей Фаррах,Харрис Фрэн",Попурри,Настоящий миллионер
Добелли Рольф,"Манн, Иванов и Фербер",Территория заблуждений. Какие ошибки совершают умные люди
"Корбей Жан-Клод,Аршамбо Ариана",Эксмо-Пресс,"Англо-русский, русско-английский иллюстрированный словарь"
Ионова Лидия,"Манн, Иванов и Фербер",Здоровые привычки. Диета доктора Ионовой
Нет автора,Луч,"Пластилин детский ""Классика"", 18 цветов (20С 1330-08)"
Нет автора,Луч,"Пластилин восковой ""Премиум"" (18 цветов) (21С 1374-08)"
Салерно Тони Кармин,Попурри,Мудрость Золотого Пути (45 карт + брошюра с инструкцией)
Нет автора,АппликА,"Телефонная книжка ""Капли росы"" (А5, 80 листов) (С0272-49)"
Зайцева А. А.,Эксмо-Пресс,"Снежинки из бумаги ""В стиле Хюгге"""
Зайцева А. А.,Эксмо-Пресс,"Снежинки из бумаг ""С любовью из Парижа"""
Маршак Самуил Яковлевич,АСТ,Сказка о глупом мышонке
Андреевская Варвара Павловна,ЭНАС-КНИГА,Записки куклы
Акунин Борис,Захаров,Планета Вода. Приключения Эраста Фандорина в ХХ веке. Часть 1
Гомзяк Оксана Степановна,Гном,Говорим правильно в 6-7 лет. Картинный материал к конспектам занятий по развитию связной речи
Нет автора,Феникс+,"Дневник школьный, МИШКА, твердый с поролоном (51589)"
Нет автора,Феникс+,"Дневник школьный, КОТИК, твердый с поролоном (51588)"
Нет автора,Феникс+,"Ежедневник датированный на 2020 год, 176 листов ""БАФФАЛО КРАСНЫЙ"" мягкий (50107)"
Нет автора,Феникс+,"Ежедневник датированный на 2020 год, 176 листов ""БАФФАЛО КОРИЧНЕВЫЙ"" мягкий (50109)"
Нет автора,Феникс+,"Дневник школьный, ЕЖ (51079)"
Нет автора,Феникс+,"Ежедневник датированный на 2020 год, 176 листов ""БАФФАЛО СИНИЙ"" мягкий (50108)"
Нет автора,Феникс+,"Ежедневник датированный на 2020 год, 176 листов ""БАФФАЛО МОРСКОЙ"" мягкий (50110)"
Нет автора,Феникс+,"Дневник школьный ""ГОЛУБОЙ"" искусственная кожа (50949)"
Нет автора,Бомбора,Читательский дневник. Лесные звери (с Совами)
Марченко Ирина Степановна,Эксмо-Пресс,Математика. Практический справочник. 1-4 классы
Нет автора,Ранок,Теремок
Нет автора,АппликА,"Дневник школьный ""Подводный мир"" кожзам (С2949-14)"
Нет автора,Эксмо-Канц,"Дневник школьный ""Lucky diary. Дизайн 5"" (А5, 48 листов, съемная обложка) (ДИК204814)"
Чуковский Корней Иванович,Проф-Пресс,Айболит
Нет автора,Эксмо-Канц,"Дневник школьный ""Lucky diary. Дизайн 1"" съемная обложка (ДИК204810)"
Нет автора,ВГА,"Развивающий деревянный пазл ""Рождество"" (D199)"
Нет автора,ВГА,Курочка Ряба (D169)
"Безкоровайная Елена Викторовна,Марченко Ирина Степановна",Эксмо-Пресс,Подготовка к итоговой аттестации. 1-4 классы
Барто Агния Львовна,Махаон,Я расту: стихи
Сутеев Владимир Григорьевич,АСТ,Сказки
"Маршак Самуил Яковлевич,Маршак Александр Иммануэлевич",Малыш,Веселые стихи и песенки
Нет автора,Степ Пазл,"Напольный пазл ""Морские жители"" (70105)"
Сапгир Генрих Вениаминович,Речь,Леса-Чудеса
Нет автора,Степ Пазл,"Напольный пазл ""Машинки"" (70110)"
Нет автора,Проф-Пресс,Сестрица Аленушка и братец Иванушка
Нет автора,ВГА,Машинки (D58)
Нет автора,ВГА,"Деревянный пазл ""Утка"" (D138)"
Бершадская Мария,КомпасГид,Большая маленькая девочка. История 7. Грустный радостный праздник
"Доманская Людмила Васильевна,Третьякова Алеся Игоревна",АСТ,"Большая книга найди, узнай, покажи для девочек"
Нет автора,Лабиринт,Ёлка. Новейшее издание для подарка в стихах и прозе
Нет автора,Улыбка,Путешествие на автомобиле
Нет автора,ВГА,Мишки (D19)
Чуковский Корней Иванович,Малыш,Муха-Цокотуха
Нет автора,Стрекоза,Развивающая книжка с наклейками. Машины-помощники
Бретт Анна,Лабиринт,Туда и обратно. Кругосветный лабиринт
Нет автора,Pintoo,"Шаровый пазл ""Динозавры"" 15 см (А1145-06-1-1)"
Нет автора,Лабиринт,Книжки-пышки-пианишки. Два веселых гуся
Дюма Александр,Издательский дом Мещерякова,"Человек, который не мог плакать"
Берлова Анжела Леонидовна,Лабиринт,С пазлами. Цвета
Нет автора,Эксмо-Пресс,Мой день. Словарик с наклейками. Для детей от 7 лет
Кузнецова Марина Ивановна,Вентана-Граф,Готов ли ваш ребенок учиться читать и писать? Рабочая тетрадь для детей 6-7 лет. ФГОС
Астон Дианна,"Манн, Иванов и Фербер",В гнезде так шумно!
Неумывакин Иван Павлович,Диля,Брак. Его основа и последствия
Житков Борис Степанович,Мелик-Пашаев,Черные паруса
"Бианки Виталий Валентинович,Бажов Павел Петрович,Астафьев Виктор Петрович",Малыш,Все лучшие рассказы про животных
Нет автора,ОлмаМедиаГрупп/Просвещение,Как живут растения
Габдуллин Руслан Рустемович,ОлмаМедиаГрупп/Просвещение,Зарождение жизни
Доманская Александра,Качели,"О свете, цвете и зрении. Оптика для малышей"
Девернуа Эльза,Хоббитека,Я не могу заснуть
Василенко М. А.,Феникс,Сыроедение для красоты и здоровья
Нет автора,Bruno Visconti,"Ручка ""DeleteWrite Ice"" 0.5 мм, синяя, стираемые чернила (20-0123)"
Робски Оксана,Росмэн,Casual
Шефер Бодо,Диля,"Money, или Законы умножения денег"
Якусевич Виталий Валентинович,Корона-Принт,Тайны BIOS
Нет автора,"Общенациональная ассоциация молодых музыкантов, поэтов и прозаиков",Крушение или мир в котором ты живешь
Нет автора,Астрель,Первая энциклопедия. Овощи. Фрукты. Животные. Растения
Элдер Александр,Альпина Паблишер,Как играть и выигрывать на бирже. Психология. Технический анализ. Контроль над капиталом
Нет автора,Росмэн,Раскраски-узоры (зеленая)
Герасимова Дарья Сергеевна,Лабиринт,Азбука превращений
Макгвайр Джейми,Азбука,Мое прекрасное забвение
Макгвайр Джейми,Азбука,Мое ходячее несчастье
Макгвайр Джейми,Азбука,Легенда об ангеле. Книга 3. Эдем
Нет автора,Степ Пазл,"Puzzle-35 maxi ""Как приручить дракона - 3"" (91234)"
Макгвайр Джейми,Азбука,Мое ходячее несчастье
Нет автора,Учитель,"Планирование комплексных занятий по программе ""Детство"". Средняя группа"
Уинфилд Райан,Азбука,Мелодия Джейн
Элрод Хэл,"Манн, Иванов и Фербер",Магия утра. Как первый час дня определяет ваш успех
Лоро Доминик,Альпина Паблишер,Искусство жить просто.  Как избавиться от лишнего и обогатить свою жизнь
"Чан Джеки,Мо Чжу",Эксмо,Джеки Чан. Я счастливый
Гири Дебора,Эксмо,"Мой первый шабаш, или Элементарная магия"
Ахерн Сесилия,Иностранка,"Год, когда мы встретились"
Нет автора,Ниола-пресс,Гардины. Шторы. Жалюзи. Советы профессионалов
Янушко Елена Альбиновна,Эксмо-Пресс,Пластилиновые пятнышки. Многоразовая тетрадь
Земцова Ольга Николаевна,Махаон,"Вправо-влево, вверх-вниз. Ориентируемся в пространстве (для детей 2-3 лет)"
Нет автора,Оригами,"Мозаика алмазные узоры ""Часы"" (02548)"
Нет автора,BONDIBON,"Набор ""Аквамозаика 1000 бусин. Лесное царство"" (ВВ3407)"
Нет автора,ABtoys,"Настольная игра ""Мозаика"" (355 предметов) (РТ-00764)"
Нет автора,BONDIBON,"Набор ""Аквамозаика 1000 бусин. На арене цирка"" (ВВ3406)"
Нет автора,BONDIBON,"Набор Аквамозаика 3D (Слон, лев и жираф) (ВВ3355)"
Парсонс Тони,Эксмо,"Men from the Boys, или Мальчики и мужчины"
Лиознова Татьяна,Новый диск,Три тополя на плющихе. В цвете (DVD)
Токмакова Ирина Петровна,Эксмо,"Аля, Кляксич и другие. Повести-сказки"
Нет автора,Стрекоза,"Аппликация. Цветы для мамы, бабушки, сестрёнки"
Хелприн Марк,Эксмо,Зимняя сказка
Масло Елена Степановна,Речь,Рождество у крёстной. Правдивые истории и немножко волшебства
Каверин Вениамин Александрович,Издательство Детская литература,"Ночной сторож, или Семь занимательных историй, рассказанных в городе Немухине"
Прокофьева Софья Леонидовна,Махаон,Не буду просить прощения
Денисова Дарья,Мозаика-Синтез,"Цвет, форма. Развитие и обучение детей от 1 до 2 лет"
"Аким Яков Лазаревич,Благинина Елена Александровна,Лагздынь Гайда Рейнгольдовна",Стрекоза,"Ваш малыш. Игры и упражнения в песенках, потешках и стихах"
Нет автора,Алтей,Репка
"Разенкова Юлия Анатольевна,Агаян Г. Г.,Абрамова Любовь Павловна",Карапуз,Бушки-Топотушки
Цыферов Геннадий Михайлович,Эксмо,Паровозик из Ромашково
Жукова Надежда Сергеевна,Эксмодетство,Первая после Букваря книга для чтения
Янушко Елена Альбиновна,Эксмо-Пресс,Круг и квадрат. Многоразовая тетрадь
Янушко Елена Альбиновна,Эксмо-Пресс,Веселые прятки. Аппликация (+вкладка с фигурками для занятий)
Янушко Елена Альбиновна,Эксмо-Пресс,Приклей картинку! (+ вкладка с фигурками для занятий)
Янушко Елена Альбиновна,Теревинф,"Игры с аутичным ребенком. Установление контакта, способы взаимодействия, развитие речи, психотерапия"
Нет автора,Дрофа Медиа,Игрушки из фетра своими руками. Щенок (3375)
Нет автора,BONDIBON,"Набор ""Елочные украшения из фетра. Сова"" (ВВ1948)"
Нет автора,Карапуз,Сказочные герои
Сюткина Ольга,АСТ,Кухня семейного счастья
Нет автора,Castorland,"Puzzle-4+5+6+7. ""Транспорт"" (В-04133)"
Нет автора,Атберг 98,"Ракраска ""Жирафик на лужайке"""
Успенский Эдуард Николаевич,Малыш,"Дядя Федор, пес и кот"
Нет автора,Brauberg,Кисть белка №3 круглая (200180)
Нет автора,Световид,Сложи узор (кубики)
Млодик Ирина Юрьевна,Генезис,"Современные дети и их несовременные родители, или О том, в чем так непросто признаться"
Моцарт Вольфганг Амадей,Два жирафа,CD.Волшебная музыка Моцарта
Нет автора,Два жирафа,CD.Лебединое озеро
Нет автора,Два жирафа,CD.Русские народные песни
Нет автора,Два жирафа,CD.Подвиги Геракла
Киплинг Редьярд Джозеф,Два жирафа,CD.Сказки Р.Киплинга
Гофман Эрнст Теодор Амадей,Два жирафа,CD. Щелкунчик
Заходер Борис Владимирович,Эгмонт,Про кошечек и собачечек. Книга+CD
Жукова Олеся Станиславовна,ОлмаМедиаГрупп/Просвещение,Букварь
Нет автора,CULLINAN,Кисть пони №1 живописная круглая (ПЖ-01)
Хоффман Гудрун,Мир книги,Кто живет в лесу
"Воронец Светлана Михайловна,Павлова Анна Николаевна",Антология,Tutto l`italiano. Практикум по грамматике и устной речи итальянского языка. Ключи к упражнениям
Марин Кэрол,"Манн, Иванов и Фербер","Ни дня без кисти. Как рисовать часто и понемногу, сохранять свежий взгляд, не бояться экспериментов"
Бианки Виталий Валентинович,Ардис,Приключения Муравьишки и другие сказки (CDmp3)
Латта Найджел,Рипол-Классик,Прежде чем ваш ребенок сведет вас с ума
Фрэкшн Мэтт,Комильфо,Пять кулаков науки
Миньола Майк,XL Media,Хеллбой. Том 4. Правая рука судьбы
Агирре-Сакаса Роберто,Комильфо,Сабрина. Жуткие приключения
Тищенков Олег,Студия Артемия Лебедева,Кот Х
Чернорицкая Ольга,Дрофа,Что на небе?
Сеф Роман,Дрофа,На свете всё на всё похоже
Сергеев Вячеслав,Дрофа,Светофор
Дружинина Марина Владимировна,Дрофа,Объемная геометрия
Нет автора,Стрекоза,Я учусь. Занятия с малышом от 6 месяцев и старше
Нет автора,Ниола-пресс,Большая книга фантастических существ
"Громова Ольга Евгеньевна,Колдина Дарья Николаевна,Гербова В.В.",Карапуз,"Великая книга о Зайке, или полезные истории и беседы по картинкам для тех, кому еще не исполнилось 5"
Нет автора,Карапуз,Солнечная керамика. Альбом для детского художественного творчества
"Лыкова Ирина Александровна,Грушина Людмила Викторовна",Карапуз,Подносы из Жостова. Альбом для детского художественного творчества
Лыкова Ирина Александровна,Карапуз,Золотая хохлома
Лыкова Ирина Александровна,Карапуз,Чудесные писанки.
Лыкова Ирина Александровна,Карапуз,Старинные изразцы.
Лыкова Ирина Александровна,Карапуз,Веселый городец.
Диккенс Чарльз,Издательский дом Мещерякова,Истории для детей
Орр Леонард,София,Огонь - высочайший целитель
Жукова Надежда Сергеевна,Эксмодетство,Уроки логопеда. Исправление нарушений речи
"Носова Е. А.,Швецова Т. Ю.",Детство-Пресс,Семья и детский сад: педагогическое образование родителей
Семпл Мария,Синдбад,"Куда ты пропала, Бернадетт?"
Шишова Татьяна Львовна,Речь,Подсказки для родителей. Чтобы ребенок не был трудным
"Истратова Оксана Николаевна,Эксакусто Татьяна Валентиновна,Широкова Галина Александровна",Феникс,Большая книга детского психолога
Черный Саша,Лабиринт,Открой книгу! Дневник фокса Микки
Нет автора,Brauberg,"Блок самоклеящийся (51х51 мм, 400 листов, 4 цвета) (122858)"
"Иляшенко Людмила Анатольевна,Щеглова Ирина Викторовна",МТО Инфо,Комбинированные летние задания за курс 1 класса. 50 занятий по русскому языку и математике. фГОС
Гоголь Николай Васильевич,Стрекоза,Шинель
Гоголь Николай Васильевич,Речь,Петербургские повести
Силверстайн Шел,Розовый жираф,Полтора жирафа
Гаршин Всеволод Михайлович,Стрекоза,Красный цветок
Герритсен Тесс,ПРОЗАиК,Гробовое молчание
Пинфолд Леви,Поляндрия,Чёрный пёс
Нет автора,Дрофа Медиа,Карточные игры. 111 игр в дорогу (3108)
Ракитина Елена Владимировна,Речь,Серёжик
Булгаков Михаил Афанасьевич,ПРОЗАиК,Сочинения. О таланте и тиране
Кропоткин Петр Алексеевич,ПРОЗАиК,Записки революционера
"Жуков Д.,Жуков Дмитрий Александрович,Ковтун Иван Иванович",Вече,"1-я русская бригада СС ""Дружина"""
Лаврин Александр Павлович,Эксмо,Знаменитые убийцы и жертвы
"Баранова Ксения Михайловна,Копылова Виктория Викторовна,Мильруд Радислав Петрович,Эванс Вирджиния,Дули Дженни",Просвещение,Английский язык. 2 класс. Рабочая тетрадь. В 2-х частях. ФГОС
"Баранова Ксения Михайловна,Эванс Вирджиния,Дули Дженни,Копылова Виктория Викторовна,Мильруд Радислав Петрович",Просвещение,Английский язык. 7 класс. Учебник. ФГОС
"Баранова Ксения Михайловна,Копылова Виктория Викторовна,Мильруд Радислав Петрович,Эванс Вирджиния,Дули Дженни",Просвещение,Английский язык. 11 класс. Контрольные задания. Углубленный уровень. ФГОС
"Баранова Ксения Михайловна,Копылова Виктория Викторовна,Мильруд Радислав Петрович,Эванс Вирджиния,Дули Дженни",Просвещение,Английский язык. 6 класс. Учебник. ФГОС
"Баранова Ксения Михайловна,Копылова Виктория Викторовна,Мильруд Радислав Петрович,Эванс Вирджиния,Дули Дженни",Просвещение,Английский язык. 2 класс. Рабочая тетрадь. В 2-х частях. ФГОС
"Аладышева М. В.,Куликова Елена Николаевна",Айрис-Пресс,Перекидное табло. Русский язык. ФГОС
Соколов-Микитов Иван Сергеевич,Речь,Год в лесу
Павлов Игорь Вячеславович,Генезис,"Как я (на)учился жить без папы, лежать в больнице, любить маму и многому другому..."
Суханова Ольга Николаевна,Просвещение,Английский язык. Советы по организации занятий с дошкольниками (уровень 2)
Христофоров Александр,Флюид,Политическое животное
Погодина-Кузмина Ольга,Флюид,Уран
Басыров Марат,Флюид,Удовольствие во всю длину
"Толстой Лев Николаевич,Аксаков Сергей Тимофеевич,Тургенев Иван Сергеевич",Флюид,Русский охотничий рассказ
Жуков Борис,Corpus,"Введение в поведение. История наук о том, что движет животными и как их правильно понимать"
Колобродов Алексей Юрьевич,Редакция Елены Шубиной,Захар
Гавальда Анна,АСТ,Билли
Колобродов Алексей Юрьевич,Центрполиграф,Здравые смыслы. Настоящая литература настоящего времени
Прилепин Захар,Редакция Елены Шубиной,Не чужая смута. Один день - один год
Вудхаус Пелам Гренвилл,АСТ,Не позвать ли нам Дживса?
Вудхаус Пелам Гренвилл,Эксмо-Пресс,Этот неподражаемый Дживс
Риггз Ренсом,АСТ,Дом странных детей IV. Карта Дней
Кинг Стивен,АСТ,Страна радости
Роньшин Валерий Михайлович,Махаон,Девочка с косой
Гэблдон Диана,Эксмо,Стрекоза в янтаре. Книга 2. Время сражений
Роньшин Валерий Михайлович,Махаон,Схватка с Кощеем Бессмертным
Гэблдон Диана,Эксмо,Дыхание снега и пепла. Книга 1. Накануне войны
Роулинг Джоан Кэтлин,Махаон,Гарри Поттер и Философский камень (с цветными иллюстрациями)
Андерсен Ханс Кристиан,Азбука,Свинопас
Нет автора,Речь,Калевала
Эйбрамсон Гленда,АСТ,Иврит за три месяца
Ошо Багван Шри Раджниш,София,В поисках Чудесного: Динамическая медитация
Корчак Януш,Азбука,Всё о короле Матиуше и Кайтусе-чародее
Твен Марк,Азбука,Всё о Томе Сойере и Гекльберри Финне
Сэнсом К. Дж.,Эксмо,Плач
Берри Стив,Эксмо,Миф Линкольна
Бианки Виталий Валентинович,Белый город,Как Муравьишка домой спешил
Нет автора,Феникс+,Пиши-стирай 5000 раз ФОРМЫ (39901)
Дойл Артур Конан,Текст,Песни действия
Милош Чеслав,Текст,На берегу реки
Жакоб Макс,Текст,Стихотворения
Масманно Майкл,Центрполиграф,Специальные команды Эйхмана. Карательные операции СС. 1939-1945
Дикинсон Эмили,Текст,Сто стихотворений
Дашкевич Татьяна Николаевна,Изд-во Дмитрия Харченко,Про добрую сову
Харченко Дмитрий,Изд-во Дмитрия Харченко,Теплая слезинка
Папсуев Роман Валентинович,Эксмо,Диво Чудное. Том 1
О`Фаррелл Мэгги,Эксмо,"Там, где тебя ждут"
Пратчетт Терри,fanzon,Опечатки
Солнышко Ирина,Ранок,Семь весёлых гномов. Дни недели
Чехов Антон Павлович,ИЦ Москвоведение,Степь
Прудовская Светлана Николаевна,КомпасГид,История букв своими руками
Бидструп Херлуф,Издательский дом Мещерякова,200 лучших работ: Рисунки
Чарская Лидия Алексеевна,ЭНАС-КНИГА,Особенная
Чарская Лидия Алексеевна,ЭНАС-КНИГА,Тринадцатая
Чарская Лидия Алексеевна,ЭНАС-КНИГА,Некрасивая
Джеймс Э. Л.,Эксмо-Пресс,Пятьдесят оттенков серого
Джеймс Э. Л.,Эксмо,Пятьдесят оттенков серого
Гарднер Мартин,АСТ,Математические головоломки и развлечения
Куртц Адам,"Манн, Иванов и Фербер",Захвати меня. Идеальный собеседник для творческих людей
Мало Гектор,ЭНАС-КНИГА,В семье
Маринина Александра,Эксмо,Обратная сила. Том 3. 1983-1997
Бёрнетт Фрэнсис Ходжсон,ЭНАС-КНИГА,Маленький лорд Фаунтлерой
Железников Владимир Карпович,ЭНАС-КНИГА,Чучело
Ситников Юрий Вячеславович,Аквилегия-М,Кот
Нет автора,Звезда,"Осторожно, осьминожки! (8790)"
Туан Лаура,Авваллон,Набор Оракул Ленорман
Апулей,ВКН,Латинский с Апулеем. Амур и Психея
Поднос Марк Борисович,Интересная книга,"Вчера, сегодня, завтра!"
Ибсен Хенрик,Эксмо,Пер Гюнт
Ибсен Хенрик,Флюид,Кукольный дом: Сборник пьес
Лоуренс Дэвид Герберт,Collector's Library Editions,Lady Chatterley's Lover
Quincey de Thomas,Collector's Library Editions,Confessions of an English Opium-Eater
Леру Гастон,Collector's Library Editions,The Phantom of the Opera
Дойл Артур Конан,Collector's Library Editions,Sherlock Holmes (6-book Boxed Set)
Касаткин Сергей,Питер,Мастер общения.Советы практикующего псих
Нет автора,Magellan,"Карточная игра ""Данетки. Случай из жизни"" (MAG00278)"
Нет автора,Детиздат,Прописи. Первые прописи по клеточкам
Медеева И. Г.,Детиздат,Прописи. Пишем буквы и слоги
Маршак Самуил Яковлевич,АСТ,Сказки
Загвоздина Наталья Александровна,Время,Монолог с другом
Берг Юдит,КомпасГид,Приключения озорного мышонка
Ульева Елена Александровна,Эксмо-Пресс,Рисуем с муми-троллями (многоразовые). Муми-мама
Нильсон Мони,Самокат,Цацики идет в школу
Руланн Эрлинг Георг,Генезис,Как остановить травлю в школе. Психология моббинга
Нет автора,Bumbaram,Набор для проведения раскопок с монетами. Майя (DIG-27)
Нет автора,MAPED,"Восковые мелки, 12 штук COLOR'PEPS Jumbo (861311)"
Нет автора,MAPED,Маркеры для досок (12 цветов) (741845)
Чернов Александр Евгеньевич,АСТ,"Спи спокойно, дорогой товарищ. Записки анестезиолога"
Коваль Юрий Иосифович,Рипол-Классик,Круглый год (+DVD)
Маринина Александра,Эксмо,Ангелы на льду не выживают. Том 1
"Фабер Адель,Мазлиш Элейн",Эксмо-Пресс,"Как говорить, чтобы дети слушали, и как слушать, чтобы дети говорили"
Алексин Анатолий Георгиевич,Речь,Самый счастливый день
Бианки Виталий Валентинович,Стрекоза,Читаем после букваря. Приключения Муравьишки
"Глазова Марина Владимирована,Денисов Владимир Сергеевич",Китони,Изобразительное искусство. Алгоритм композиции
"Миллс Пат,Ледруа Оливье",Фантастика,Реквием. Рыцарь вампир. Воскрешение. Пляска Смерти
Пушакова Анна Эдуардовна,РИП-Холдинг.,Сюнга. Откровенное искусство Японии
Миядзава Кэндзи,Мир Детства Медиа,Недетские сказки Японии
Леувен Йоке ван,Самокат,Пип!
Конрад Джозеф,Вита-Нова,Лорд Джим
Нет автора,Jovi,Пластилин. 12 цветов 25 грамм. В картонной коробке (B30012)
Мазова Елена Валентиновна,Свет,Домовой - защитник и хранитель. О жизни и деятельности домовых и об их пользе для человека
Нет автора,Стрекоза,"Раскраска ""Жостово"""
Костикова Любовь Ивановна,Эксмо,Гирудотерапия. Энциклопедия лечения медицинскими пиявками
Нет автора,Стрекоза,"Раскраска ""Онежская роспись"""
Форш Татьяна Алексеевна,Эксмо,Тайна пиковой дамы
"Могилевская Наталья,Самойленко Наталья",Клуб семейного досуга,Худеем вместе
Кочергин Андрей Николаевич,Крылов,Вам бы здесь побывать
Успенский Эдуард Николаевич,АСТ,Любимые песенки
Максимова Александра Игоревна,АСТ-Пресс,Пасхальные поделки с детьми
Хлебников Владимир,Лада/Москва,Обед из мультиварки - быстро и просто
Витензон Ж.,Яблоко,День везения
Витензон Ж.,Яблоко,Прогулка с хорошим концом
Нет автора,Спасское братство,Под благодатным небом
Полянская Ирина Николаевна,АСТ,Христианство
Волков Сергей Владимирович,АСТ,Я познаю мир. Книга знаний
Сурина Мариэтта Олеговна,Феникс,"Цвет и символ в искусстве, дизайне и архитектуре"
Сурина Мариэтта Олеговна,Феникс,Эзотерические свойства цвета
Нет автора,Карапуз,"Хороший, плохой, злой"
Прокофьева Софья Леонидовна,АСТ,Не буду просить прощения
Млодик Ирина Юрьевна,Феникс-Премьер,Почти неволшебные превращения. Книга для мам и дочерей
Чарская Лидия Алексеевна,Искатель,Сказки голубой феи
Нет автора,Питер,"Веселые приключения с лошадками и пони! Задания, пазлы, тесты и лабиринты"
Мэдден Кристин,Весь,Шаманский дар. Практики исцеления души и тела
Шайнберг Катрин,Весь,Каббала и сила сновидений. Пробуждение воображения
Миннс Сью,Весь,Тела и души. Практическое пособие по опыту человеческой души
Рубина Дина Ильинична,Эксмо-Пресс,Русская канарейка. Желтухин
Нет автора,Феникс-Премьер,Великие цивилизации: путеводитель для любознательных
Нет автора,Феникс-Премьер,Планеты: навигатор для юных и смелых
Виллольдо Альберто,Попурри,Исправление прошлого и исцеление будущего с помощью практики восстановления души
Виллольдо Альберто,Весь,Мечтайте смело. Шаманский метод превращения мечты
"Перлмуттер Дэвид,Виллольдо Альберто",Эксмо,Зарядите свой мозг
Виллольдо Альберто,Весь,Мудрость шаманов для превращения мечты в поступок
Толстой Алексей Николаевич,Лабиринт,"Открой книгу! Золотой ключик, или Приключения Буратино"
Стоун Ирвинг,АСТ,Жажда жизни
Михалков Сергей Владимирович,АСТ,Дядя Стёпа
Нет автора,АСТ,Русские народные сказки
Колесникова Елена Владимировна,Сфера,"Математика для детей 4-5 лет. Учебно-методическое пособие к рабочей тетради ""Я считаю до пяти"""
Толстой Алексей Николаевич,АСТ,"Золотой ключик, или Приключения Буратино"
Сент-Экзюпери Антуан де,Эксмодетство,Маленький принц
"Меттус Елена Валентиновна,Турта Ольга Сергеевна",Учитель,Я расту: портфолио дошкольника. ФГОС
"Меттус Елена Валентиновна,Турта Ольга Сергеевна",Учитель,Я расту. Портфолио дошкольника. ФГОС ДО
Сент-Экзюпери Антуан де,Эксмо,Маленький принц
"Петерсон Людмила Георгиевна,Суворина Елена Александровна",Ювента,Каллиграфия цифр. Прописи по математике. В 2-х частях. Часть 1. ФГОС
Нет автора,Стрекоза,"Водная раскраска на картоне ""Самолет. Пароход"""
Нет автора,Питер,Визуальный словарь английского языка. Моя первая тысяча слов (+CD)
Ульева Елена Александровна,Феникс-Премьер,Новый год. Развивающая книжка с наклейками
Нет автора,АСТ,Англо-русский визуальный словарь для детей
Нет автора,Нигма,"Ай-дуду. Сборник русских народных сказок, песенок и загадок"
Нет автора,Рыжий Кот,"Puzzle-60 ""Сказка № 38"" (У60-7226)"
Новак Алекс,Питер,"Книга, которой нет. Как бросить беличье колесо и стряхнуть пыль со своей мечты"
Паланик Чак,АСТ,Бойцовский клуб
Тараненко Алена Алексеевна,АСТ-Пресс,Развивающие игрушки
"Пиз Аллан,Пиз Барбара",Эксмо-Пресс,Язык взаимоотношений. Как научиться общаться с противоположным полом без конфликтов
Сент-Экзюпери Антуан де,Эксмо,Смысл жизни
Черных Юрий Егорович,АСТ,Про белого бычка
Карганова Екатерина Георгиевна,АСТ,Олины помощники
Бочоришвили Елена,Corpus,Голова моего отца
Орлова Анастасия Александровна,АСТ,Времена года
Нет автора,ДонГис,"Игра-ходилка с фишками ""Солнечная система"""
Барчан Татьяна Александровна,ЦОТР ,Вопрос ребром. Игровое пособие
Нет автора,Издательский дом Мещерякова,"Набор карточек ""Смотрю. Играю. Узнаю"". Алфавит"
Нет автора,ДонГис,"Игра-ходилка с фишками ""Путешествие по России"""
Нет автора,Рыжий Кот,"Игры в слова ""Супербукводел"", 100 фишек (ИН-1802)"
Нет автора,Рыжий Кот,"Настольная игра  ""ХИТРЫЙ НОС"" (ИН-6412)"
Нет автора,Рыжий Кот,"Развивающая настольная игра ""Курочка Ряба"" (мини) (ИН-6419)"
Нет автора,ДонГис,"Игра-ходилка ""Путешествие в мир динозавров"""
Нет автора,Рыжий Кот,"Викторина ""Хочу всё знать"" (ИН-8521)"
Соколова Лариса Альбертовна,Сибирское университетское издательство,"Играем на прогулке. Наблюдаем, познаем, учимся"
Уоллс Джаннетт,Бомбора,Замок из стекла
Ольховицкая Диана,Альфа-книга,Как влюбить в себя воина. Мечты и планы
Берджин Марк,Арт-родник,Кошки и котята
Нет автора,Дрофа Медиа,"Аппликация. Мягкая картинка ""Подъемный кран"" (2802)"
Дорн Алиса,АСТ,Институт моих кошмаров. Здесь водятся драконы
Дружков Юрий Михайлович,Планета,Приключения Карандаша и Самоделкина
"Соловьева Елена,Лир Елена",АСТ,Точка искажения
Воронина Татьяна Павловна,Грамотей,Веселые и полезные игры для малышей. Книга №1
Роулинг Джоан Кэтлин,Махаон,Гарри Поттер и Тайная комната
Сотер Таис,АСТ,Факультет прикладной магии. Простые вещи
Касс Кира,Азбука,Отбор
Мицкис Д. В.,Антология,Бердолька Чарли и Гертруды Богранд
Садов Сергей,Эксмо,Ледяная принцесса. Цена власти
Линдсей Джоанна,АСТ,"Скажи, что любишь"
Линдсей Джоанна,АСТ,Искусное соблазнение
Марченко Ростислав Александрович,АСТ,Перевал
Роулинг Джоан Кэтлин,Махаон,Фантастические твари и где они обитают
Тур Тереза,АСТ,Мой любимый некромант
Кузнецова Дарья Андреевна,Альфа-книга,Чистый лист
Огинская Купава,Эксмо,Не дареный подарок. Морра
Измайлова Кира Алиевна,Эксмо,Пес и его девушка
Лайм Сильвия,Альфа-книга,Не буди короля мертвых
"Чайка Лидия,Лестова Ксения",АСТ,Подарок для князя
Алексеева Яна Олеговна,Альфа-книга,Охотящиеся в ночи
Толкин Джон Рональд Руэл,АСТ,"Хоббит, или Туда и обратно"
Загребельный Павел Архипович,Алгоритм,Роксолана. Полная версия легендарной книги
Фицджеральд Фрэнсис Скотт,Эксмо-Пресс,Великий Гэтсби
Мартин Чарльз,Эксмо,Где живет моя любовь
Доброхотов Александр Львович,Common place,Данте Алигьери
Полянская Катерина,Эксмо,Лейилин. Меня просто нет
Полянская Катерина,Альфа-книга,Хищная орхидея
Юраш Кристина Юрьевна,АСТ,Принц и Лишний
Помазуева Елена Александровна,Альфа-книга,Обратная сторона заклинания
Хусаинова Ольга,АСТ,Академия зла. Быть ведьмой
Сапункова Наталья,АСТ,Невеста без места
Ефиминюк Марина Владимировна,Альфа-книга,Магические узы
Никольская Ева Геннадьевна,АСТ,Свобода на троих
Савенко Валентина Алексеевна,Альфа-книга,Академия мертвых. Основы погодной некромантии
Болелли Даниэль,Весь,Иммунитет против страха. Боевые искусства как способ проживания жизни и построения характера
